Date,Price,Action,Asset,AI_Score
2023-01-20,58285.10546875,HOLD,10000000.0,0.4689607620239258
2023-01-25,59699.79296875,HOLD,10000000.0,0.4726351201534271
2023-01-26,60171.35546875,HOLD,10000000.0,0.4765775799751282
2023-01-27,60925.85546875,HOLD,10000000.0,0.4804055988788605
2023-01-30,59699.79296875,HOLD,10000000.0,0.48255228996276855
2023-01-31,57907.8515625,HOLD,10000000.0,0.4836445748806
2023-02-01,57530.60546875,HOLD,10000000.0,0.48401135206222534
2023-02-02,59888.41015625,HOLD,10000000.0,0.48483800888061523
2023-02-03,59888.41015625,HOLD,10000000.0,0.4850989282131195
2023-02-06,58096.4765625,HOLD,10000000.0,0.48488423228263855
2023-02-07,58473.73046875,HOLD,10000000.0,0.4851609766483307
2023-02-08,59511.1640625,HOLD,10000000.0,0.4858013689517975
2023-02-09,59699.79296875,HOLD,10000000.0,0.48673826456069946
2023-02-10,59322.53515625,HOLD,10000000.0,0.4871993362903595
2023-02-13,59322.53515625,HOLD,10000000.0,0.4872608780860901
2023-02-14,59605.47265625,HOLD,10000000.0,0.48766472935676575
2023-02-15,58662.35546875,HOLD,10000000.0,0.4877014756202698
2023-02-16,60077.04296875,HOLD,10000000.0,0.4880627691745758
2023-02-17,59039.59375,HOLD,10000000.0,0.48807406425476074
2023-02-20,59133.9140625,HOLD,10000000.0,0.48840761184692383
2023-02-21,58568.03515625,HOLD,10000000.0,0.4884166121482849
2023-02-22,57624.9140625,HOLD,10000000.0,0.48813173174858093
2023-02-23,58473.73046875,HOLD,10000000.0,0.48819029331207275
2023-02-24,57813.53125,HOLD,10000000.0,0.4879409074783325
2023-02-27,57059.0390625,HOLD,10000000.0,0.4874288737773895
2023-02-28,57153.35546875,HOLD,10000000.0,0.48727574944496155
2023-03-02,57341.98046875,HOLD,10000000.0,0.4874650239944458
2023-03-03,57059.0390625,HOLD,10000000.0,0.4874191880226135
2023-03-06,58002.1640625,HOLD,10000000.0,0.4877070486545563
2023-03-07,57247.6640625,HOLD,10000000.0,0.48764386773109436
2023-03-08,56870.41796875,HOLD,10000000.0,0.4872622787952423
2023-03-09,56681.7890625,HOLD,10000000.0,0.48659229278564453
2023-03-10,56115.92578125,HOLD,10000000.0,0.4856511652469635
2023-03-13,56587.47265625,HOLD,10000000.0,0.4851631820201874
2023-03-14,55644.3515625,HOLD,10000000.0,0.4843777120113373
2023-03-15,56398.8515625,HOLD,10000000.0,0.48405855894088745
2023-03-16,56493.1640625,HOLD,10000000.0,0.48415160179138184
2023-03-17,57813.53125,HOLD,10000000.0,0.4845976233482361
2023-03-20,56776.1015625,HOLD,10000000.0,0.4846550226211548
2023-03-21,56870.41796875,HOLD,10000000.0,0.4850675165653229
2023-03-22,57624.9140625,HOLD,10000000.0,0.48576197028160095
2023-03-23,58756.6640625,HOLD,10000000.0,0.4866935908794403
2023-03-24,59416.8515625,HOLD,10000000.0,0.4878186881542206
2023-03-27,58568.03515625,HOLD,10000000.0,0.4885319769382477
2023-03-28,59322.53515625,HOLD,10000000.0,0.48943838477134705
2023-03-29,59133.9140625,HOLD,10000000.0,0.4899677336215973
2023-03-30,59950.64453125,HOLD,10000000.0,0.49070149660110474
2023-03-31,60709.51953125,HOLD,10000000.0,0.49160730838775635
2023-04-03,59855.78515625,HOLD,10000000.0,0.49216413497924805
2023-04-04,60330.08203125,HOLD,10000000.0,0.49290210008621216
2023-04-05,60614.65625,HOLD,10000000.0,0.49379852414131165
2023-04-06,59096.91796875,HOLD,10000000.0,0.4943641424179077
2023-04-07,61658.1015625,HOLD,10000000.0,0.4951048493385315
2023-04-10,62322.11328125,HOLD,10000000.0,0.4960249960422516
2023-04-11,62511.828125,HOLD,10000000.0,0.497077077627182
2023-04-12,62606.6875,HOLD,10000000.0,0.498137891292572
2023-04-13,62701.546875,HOLD,10000000.0,0.49938106536865234
2023-04-14,61752.9609375,HOLD,10000000.0,0.5001718997955322
2023-04-17,61942.67578125,HOLD,10000000.0,0.5011847019195557
2023-04-18,62227.25390625,HOLD,10000000.0,0.5024216771125793
2023-04-19,62132.38671875,HOLD,10000000.0,0.5031904578208923
2023-04-20,61942.67578125,HOLD,10000000.0,0.5035362839698792
2023-04-21,62322.11328125,HOLD,10000000.0,0.5041535496711731
2023-04-24,61847.8203125,HOLD,10000000.0,0.5043732523918152
2023-04-25,60330.08203125,HOLD,10000000.0,0.5042822360992432
2023-04-26,60804.375,HOLD,10000000.0,0.5044922232627869
2023-04-27,61278.66796875,HOLD,10000000.0,0.5049667358398438
2023-04-28,62132.38671875,HOLD,10000000.0,0.5056014060974121
2023-05-02,62322.11328125,HOLD,10000000.0,0.5064201354980469
2023-05-03,62037.53515625,HOLD,10000000.0,0.5068475604057312
2023-05-04,61752.9609375,HOLD,10000000.0,0.506936252117157
2023-05-08,62511.828125,HOLD,10000000.0,0.5073267221450806
2023-05-09,61942.67578125,HOLD,10000000.0,0.5073664784431458
2023-05-10,61278.66796875,HOLD,10000000.0,0.5070759654045105
2023-05-11,60899.234375,HOLD,10000000.0,0.506602942943573
2023-05-12,60804.375,HOLD,10000000.0,0.505946695804596
2023-05-15,61183.80859375,HOLD,10000000.0,0.5056105852127075
2023-05-16,62037.53515625,HOLD,10000000.0,0.5055345296859741
2023-05-17,61658.1015625,HOLD,10000000.0,0.5052517652511597
2023-05-18,62796.40234375,HOLD,10000000.0,0.5052182078361511
2023-05-19,64883.28515625,HOLD,10000000.0,0.5054009556770325
2023-05-22,64978.16796875,HOLD,10000000.0,0.5057787299156189
2023-05-23,64883.28515625,HOLD,10000000.0,0.5058913230895996
2023-05-24,64978.16796875,HOLD,10000000.0,0.506197988986969
2023-05-25,65262.73828125,HOLD,10000000.0,0.5066801309585571
2023-05-26,66685.609375,HOLD,10000000.0,0.5073688626289368
2023-05-30,68582.7734375,HOLD,10000000.0,0.508506178855896
2023-05-31,67729.0546875,HOLD,10000000.0,0.5091114640235901
2023-06-01,67254.765625,HOLD,10000000.0,0.5091975331306458
2023-06-02,68487.9296875,HOLD,10000000.0,0.5095911622047424
2023-06-05,68013.6328125,HOLD,10000000.0,0.5096115469932556
2023-06-07,67349.625,HOLD,10000000.0,0.5092967748641968
2023-06-08,67254.765625,HOLD,10000000.0,0.508908212184906
2023-06-09,68298.203125,HOLD,10000000.0,0.508845329284668
2023-06-12,67349.625,HOLD,10000000.0,0.5086185932159424
2023-06-13,68298.203125,HOLD,10000000.0,0.5085805058479309
2023-06-14,68203.359375,HOLD,10000000.0,0.5083878040313721
2023-06-15,67823.9140625,HOLD,10000000.0,0.5080422759056091
2023-06-16,68108.4765625,HOLD,10000000.0,0.5079010725021362
2023-06-19,67539.34375,HOLD,10000000.0,0.5076092481613159
2023-06-20,67729.0546875,HOLD,10000000.0,0.50750333070755
2023-06-21,66875.3203125,HOLD,10000000.0,0.5072528123855591
2023-06-22,67634.1953125,HOLD,10000000.0,0.5071815252304077
2023-06-23,67918.7734375,HOLD,10000000.0,0.5072653889656067
2023-06-26,68677.6328125,HOLD,10000000.0,0.5074931383132935
2023-06-27,68867.3515625,HOLD,10000000.0,0.507844090461731
2023-06-28,68962.2109375,HOLD,10000000.0,0.5083052515983582
2023-06-29,69020.359375,HOLD,10000000.0,0.5088678002357483
2023-06-30,68829.703125,HOLD,10000000.0,0.509221613407135
2023-07-03,69592.3671875,HOLD,10000000.0,0.5096885561943054
2023-07-04,69592.3671875,HOLD,10000000.0,0.5099462866783142
2023-07-05,68639.046875,HOLD,10000000.0,0.5100176930427551
2023-07-06,68257.71875,HOLD,10000000.0,0.5099244713783264
2023-07-07,66637.0625,HOLD,10000000.0,0.5096882581710815
2023-07-10,66255.75,HOLD,10000000.0,0.5093269348144531
2023-07-11,68162.375,HOLD,10000000.0,0.5091460347175598
2023-07-12,68543.7109375,HOLD,10000000.0,0.5091346502304077
2023-07-13,68543.7109375,HOLD,10000000.0,0.5089751482009888
2023-07-14,69973.6875,HOLD,10000000.0,0.5089722275733948
2023-07-17,69878.359375,HOLD,10000000.0,0.5088307857513428
2023-07-18,68639.046875,HOLD,10000000.0,0.5085557103157043
2023-07-19,68353.0546875,HOLD,10000000.0,0.5081818699836731
2023-07-20,67685.71875,HOLD,10000000.0,0.5077081322669983
2023-07-21,67018.390625,HOLD,10000000.0,0.507156252861023
2023-07-24,67113.7265625,HOLD,10000000.0,0.5067944526672363
2023-07-25,66732.3984375,HOLD,10000000.0,0.5063405632972717
2023-07-26,66541.7421875,HOLD,10000000.0,0.5058066844940186
2023-07-27,68353.0546875,HOLD,10000000.0,0.5054563879966736
2023-07-28,67304.390625,HOLD,10000000.0,0.5050077438354492
2023-07-31,66541.7421875,HOLD,10000000.0,0.5044817924499512
2023-08-01,67781.0546875,HOLD,10000000.0,0.5041443109512329
2023-08-02,66637.0625,HOLD,10000000.0,0.5037089586257935
2023-08-03,65588.40625,HOLD,10000000.0,0.5031864643096924
2023-08-04,65111.75,HOLD,10000000.0,0.5025729537010193
2023-08-07,65302.41015625,HOLD,10000000.0,0.5021231770515442
2023-08-08,64444.4375,HOLD,10000000.0,0.5014880299568176
2023-08-09,65683.75,HOLD,10000000.0,0.5011307597160339
2023-08-10,64825.7578125,HOLD,10000000.0,0.5006072521209717
2023-08-11,64349.09765625,HOLD,10000000.0,0.49994349479675293
2023-08-14,64158.43359375,HOLD,10000000.0,0.4991220235824585
2023-08-16,63872.4375,HOLD,10000000.0,0.49816828966140747
2023-08-17,63586.4453125,HOLD,10000000.0,0.4970347285270691
2023-08-18,63205.11328125,HOLD,10000000.0,0.4957236051559448
2023-08-21,63491.109375,HOLD,10000000.0,0.49481478333473206
2023-08-22,63491.109375,HOLD,10000000.0,0.49366915225982666
2023-08-23,63967.76953125,HOLD,10000000.0,0.4929857552051544
2023-08-24,65016.421875,HOLD,10000000.0,0.4927515387535095
2023-08-25,63967.76953125,HOLD,10000000.0,0.492178738117218
2023-08-28,63681.77734375,HOLD,10000000.0,0.49130409955978394
2023-08-29,63681.77734375,HOLD,10000000.0,0.49009305238723755
2023-08-30,63967.76953125,HOLD,10000000.0,0.48944446444511414
2023-08-31,63777.1015625,HOLD,10000000.0,0.4883827269077301
2023-09-01,67685.71875,HOLD,10000000.0,0.48793825507164
2023-09-04,67876.3828125,HOLD,10000000.0,0.48800766468048096
2023-09-05,67399.7265625,HOLD,10000000.0,0.48760101199150085
2023-09-06,66732.3984375,HOLD,10000000.0,0.48675528168678284
2023-09-07,67113.7265625,HOLD,10000000.0,0.48656633496284485
2023-09-08,67018.390625,HOLD,10000000.0,0.48587608337402344
2023-09-11,67495.0625,HOLD,10000000.0,0.4858335554599762
2023-09-12,67209.0625,HOLD,10000000.0,0.48525652289390564
2023-09-13,67590.390625,HOLD,10000000.0,0.48529380559921265
2023-09-14,68353.0546875,HOLD,10000000.0,0.4858478307723999
2023-09-15,68639.046875,HOLD,10000000.0,0.48678234219551086
2023-09-18,66923.0546875,HOLD,10000000.0,0.4871734380722046
2023-09-19,66541.7421875,HOLD,10000000.0,0.48711079359054565
2023-09-20,66351.0703125,HOLD,10000000.0,0.48665615916252136
2023-09-21,65683.75,HOLD,10000000.0,0.48581600189208984
2023-09-22,65588.40625,HOLD,10000000.0,0.4845886826515198
2023-09-25,66160.40625,HOLD,10000000.0,0.48398417234420776
2023-09-26,65739.7109375,HOLD,10000000.0,0.4829131066799164
2023-09-27,65548.0390625,HOLD,10000000.0,0.4812922477722168
2023-10-04,64685.57421875,HOLD,10000000.0,0.47911807894706726
2023-10-05,63918.93359375,HOLD,10000000.0,0.4760189652442932
2023-10-06,63248.1171875,HOLD,10000000.0,0.4715544879436493
2023-10-10,63631.44140625,HOLD,10000000.0,0.4692983329296112
2023-10-11,65356.3984375,HOLD,10000000.0,0.46934106945991516
2023-10-12,66027.2109375,HOLD,10000000.0,0.4710689187049866
2023-10-13,65164.73046875,HOLD,10000000.0,0.4711586833000183
2023-10-16,64493.91796875,HOLD,10000000.0,0.4700143337249756
2023-10-17,66506.3515625,HOLD,10000000.0,0.47030022740364075
2023-10-18,67560.5,HOLD,10000000.0,0.4716656804084778
2023-10-19,66602.203125,HOLD,10000000.0,0.4718252718448639
2023-10-20,65931.3671875,HOLD,10000000.0,0.4711478352546692
2023-10-23,65548.0390625,HOLD,10000000.0,0.46954455971717834
2023-10-24,65643.8828125,HOLD,10000000.0,0.46925073862075806
2023-10-25,65164.73046875,HOLD,10000000.0,0.46793025732040405
2023-10-26,63918.93359375,HOLD,10000000.0,0.46565794944763184
2023-10-27,64493.91796875,HOLD,10000000.0,0.46489885449409485
2023-10-30,64493.91796875,HOLD,10000000.0,0.4630587697029114
2023-10-31,64110.58984375,HOLD,10000000.0,0.4598667621612549
2023-11-01,65739.7109375,HOLD,10000000.0,0.45886316895484924
2023-11-02,66793.8515625,HOLD,10000000.0,0.4597617983818054
2023-11-03,66698.015625,HOLD,10000000.0,0.4591386914253235
2023-11-06,67943.8203125,HOLD,10000000.0,0.4601513147354126
2023-11-07,67943.8203125,HOLD,10000000.0,0.45973530411720276
2023-11-08,66985.5078125,HOLD,10000000.0,0.45793384313583374
2023-11-09,67368.8359375,HOLD,10000000.0,0.45811769366264343
2023-11-10,67560.5,HOLD,10000000.0,0.45978036522865295
2023-11-13,67464.6640625,HOLD,10000000.0,0.46004682779312134
2023-11-14,67847.984375,HOLD,10000000.0,0.4615054726600647
2023-11-15,69189.6171875,HOLD,10000000.0,0.4639699459075928
2023-11-16,69764.5859375,HOLD,10000000.0,0.46685555577278137
2023-11-17,69477.09375,HOLD,10000000.0,0.46856391429901123
2023-11-20,69668.7578125,HOLD,10000000.0,0.47069448232650757
2023-11-21,69764.5859375,HOLD,10000000.0,0.4730425477027893
2023-11-22,69764.5859375,HOLD,10000000.0,0.4745149314403534
2023-11-23,69381.2578125,HOLD,10000000.0,0.47533664107322693
2023-11-24,68710.46875,HOLD,10000000.0,0.47566062211990356
2023-11-27,68327.140625,HOLD,10000000.0,0.4755409061908722
2023-11-28,69668.7578125,HOLD,10000000.0,0.4758724868297577
2023-11-29,69668.7578125,HOLD,10000000.0,0.47575950622558594
2023-11-30,69764.5859375,HOLD,10000000.0,0.47609367966651917
2023-12-01,68997.9609375,HOLD,10000000.0,0.4759715795516968
2023-12-04,69572.9375,HOLD,10000000.0,0.4762764871120453
2023-12-05,68231.3125,HOLD,10000000.0,0.4761611521244049
2023-12-06,68710.46875,HOLD,10000000.0,0.4764546751976013
2023-12-07,68518.7890625,HOLD,10000000.0,0.47636863589286804
2023-12-08,69572.9375,HOLD,10000000.0,0.47666046023368835
2023-12-11,69956.2578125,HOLD,10000000.0,0.4772918224334717
2023-12-12,70435.40625,HOLD,10000000.0,0.47821247577667236
2023-12-13,69764.5859375,HOLD,10000000.0,0.47869962453842163
2023-12-14,70052.078125,HOLD,10000000.0,0.47943857312202454
2023-12-15,70243.75,HOLD,10000000.0,0.48034200072288513
2023-12-18,69860.4296875,HOLD,10000000.0,0.48091405630111694
2023-12-19,70339.5703125,HOLD,10000000.0,0.48169270157814026
2023-12-20,71681.1953125,HOLD,10000000.0,0.482632577419281
2023-12-21,71872.859375,HOLD,10000000.0,0.4836632013320923
2023-12-22,72735.328125,HOLD,10000000.0,0.4848076403141022
2023-12-26,73406.1484375,HOLD,10000000.0,0.48599499464035034
2023-12-27,75101.71875,HOLD,10000000.0,0.48720815777778625
2023-12-28,75583.140625,HOLD,10000000.0,0.48841241002082825
2024-01-02,76642.2734375,HOLD,10000000.0,0.48963528871536255
2024-01-03,74138.875,HOLD,10000000.0,0.4905507266521454
2024-01-04,73753.734375,HOLD,10000000.0,0.4911910593509674
2024-01-05,73753.734375,HOLD,10000000.0,0.4916442930698395
2024-01-08,73657.453125,HOLD,10000000.0,0.4918988049030304
2024-01-09,71924.3359375,HOLD,10000000.0,0.4920063614845276
2024-01-10,70865.21875,HOLD,10000000.0,0.4919283390045166
2024-01-11,70480.078125,HOLD,10000000.0,0.4917730689048767
2024-01-12,70383.796875,HOLD,10000000.0,0.49144071340560913
2024-01-15,71154.0625,HOLD,10000000.0,0.4913681745529175
2024-01-16,69902.3671875,HOLD,10000000.0,0.4911329746246338
2024-01-17,68361.828125,HOLD,10000000.0,0.4907969832420349
2024-01-18,69035.8046875,HOLD,10000000.0,0.49060899019241333
2024-01-19,71924.3359375,HOLD,10000000.0,0.4906276762485504
2024-01-22,72309.4609375,HOLD,10000000.0,0.4907246530056
2024-01-23,72405.7578125,HOLD,10000000.0,0.49098384380340576
2024-01-24,71250.34375,HOLD,10000000.0,0.49107179045677185
2024-01-25,71346.640625,HOLD,10000000.0,0.4912928342819214
2024-01-26,70672.640625,HOLD,10000000.0,0.49135345220565796
2024-01-29,71635.4921875,HOLD,10000000.0,0.4915439188480377
2024-01-30,71539.203125,HOLD,10000000.0,0.4915865659713745
2024-01-31,69998.6484375,HOLD,10000000.0,0.4915078580379486
2024-02-01,70865.21875,HOLD,10000000.0,0.49155378341674805
2024-02-02,72405.7578125,HOLD,10000000.0,0.4917106330394745
2024-02-05,71539.203125,HOLD,10000000.0,0.49174734950065613
2024-02-06,71635.4921875,HOLD,10000000.0,0.49188753962516785
2024-02-07,72213.1875,HOLD,10000000.0,0.4921485483646393
2024-02-08,71346.640625,HOLD,10000000.0,0.4922647178173065
2024-02-13,72405.7578125,HOLD,10000000.0,0.49250030517578125
2024-02-14,71250.34375,HOLD,10000000.0,0.4925929605960846
2024-02-15,70480.078125,HOLD,10000000.0,0.49257132411003113
2024-02-16,70094.9375,HOLD,10000000.0,0.49240148067474365
2024-02-19,71057.78125,HOLD,10000000.0,0.49238651990890503
2024-02-20,70576.3671875,HOLD,10000000.0,0.4922298192977905
2024-02-21,70287.5,HOLD,10000000.0,0.4920010566711426
2024-02-22,70383.796875,HOLD,10000000.0,0.49191033840179443
2024-02-23,70191.21875,HOLD,10000000.0,0.4917118549346924
2024-02-26,70094.9375,HOLD,10000000.0,0.4914061725139618
2024-02-27,70191.21875,HOLD,10000000.0,0.4912671148777008
2024-02-28,70480.078125,HOLD,10000000.0,0.4912587106227875
2024-02-29,70672.640625,HOLD,10000000.0,0.4913845360279083
2024-03-04,72116.8984375,HOLD,10000000.0,0.49159449338912964
2024-03-05,70961.5,HOLD,10000000.0,0.4916759431362152
2024-03-06,70191.21875,HOLD,10000000.0,0.49164003133773804
2024-03-07,69517.2265625,HOLD,10000000.0,0.491475373506546
2024-03-08,70576.3671875,HOLD,10000000.0,0.4914799928665161
2024-03-11,69709.8046875,HOLD,10000000.0,0.4913325905799866
2024-03-12,70576.3671875,HOLD,10000000.0,0.49136242270469666
2024-03-13,71346.640625,HOLD,10000000.0,0.49148029088974
2024-03-14,71539.203125,HOLD,10000000.0,0.49173223972320557
2024-03-15,69613.5234375,HOLD,10000000.0,0.4918029308319092
2024-03-18,70094.9375,HOLD,10000000.0,0.4920153021812439
2024-03-19,70094.9375,HOLD,10000000.0,0.4920990765094757
2024-03-20,74042.59375,HOLD,10000000.0,0.4922748804092407
2024-03-21,76353.4140625,HOLD,10000000.0,0.4925299286842346
2024-03-22,75968.28125,HOLD,10000000.0,0.49267837405204773
2024-03-25,75294.2890625,HOLD,10000000.0,0.49270811676979065
2024-03-26,76931.125,HOLD,10000000.0,0.4928167760372162
2024-03-27,76834.8359375,HOLD,10000000.0,0.49280595779418945
2024-03-28,78151.2109375,HOLD,10000000.0,0.4929232895374298
2024-03-29,79698.765625,HOLD,10000000.0,0.49313807487487793
2024-04-01,79311.890625,HOLD,10000000.0,0.4932136833667755
2024-04-02,82213.5390625,HOLD,10000000.0,0.49342408776283264
2024-04-03,81343.0390625,HOLD,10000000.0,0.4934535026550293
2024-04-04,82503.6875,HOLD,10000000.0,0.4936371445655823
2024-04-05,81729.921875,HOLD,10000000.0,0.4936901926994324
2024-04-08,81729.921875,HOLD,10000000.0,0.4936111867427826
2024-04-09,80859.4296875,HOLD,10000000.0,0.4934314489364624
2024-04-11,81343.0390625,HOLD,10000000.0,0.49337533116340637
2024-04-12,80956.1484375,HOLD,10000000.0,0.49322348833084106
2024-04-15,79505.328125,HOLD,10000000.0,0.4929809868335724
2024-04-16,77377.4375,HOLD,10000000.0,0.49261656403541565
2024-04-17,76313.5078125,HOLD,10000000.0,0.49217158555984497
2024-04-18,76990.5546875,HOLD,10000000.0,0.49192821979522705
2024-04-19,75056.125,HOLD,10000000.0,0.4915587902069092
2024-04-22,73605.3046875,HOLD,10000000.0,0.4910993278026581
2024-04-23,73024.96875,HOLD,10000000.0,0.49054890871047974
2024-04-24,76023.34375,HOLD,10000000.0,0.49022457003593445
2024-04-25,73798.734375,HOLD,10000000.0,0.48974689841270447
2024-04-26,74185.625,HOLD,10000000.0,0.48950842022895813
2024-04-29,74185.625,HOLD,10000000.0,0.48912253975868225
2024-04-30,74959.3984375,HOLD,10000000.0,0.48895302414894104
2024-05-02,75443.0,HOLD,10000000.0,0.4889101982116699
2024-05-03,75056.125,HOLD,10000000.0,0.4887595772743225
2024-05-07,78634.828125,HOLD,10000000.0,0.4887574017047882
2024-05-08,78634.828125,HOLD,10000000.0,0.48859140276908875
2024-05-09,77087.2890625,HOLD,10000000.0,0.4883183538913727
2024-05-10,76603.6796875,HOLD,10000000.0,0.48791101574897766
2024-05-13,75829.8984375,HOLD,10000000.0,0.48739975690841675
2024-05-14,75733.1796875,HOLD,10000000.0,0.48676827549934387
2024-05-16,75636.453125,HOLD,10000000.0,0.48606055974960327
2024-05-17,74862.6796875,HOLD,10000000.0,0.4851907193660736
2024-05-20,76313.5078125,HOLD,10000000.0,0.4846165180206299
2024-05-21,75829.8984375,HOLD,10000000.0,0.4838796854019165
2024-05-22,75152.84375,HOLD,10000000.0,0.48302698135375977
2024-05-23,75733.1796875,HOLD,10000000.0,0.4824366867542267
2024-05-24,73411.8515625,HOLD,10000000.0,0.4816884398460388
2024-05-27,74669.234375,HOLD,10000000.0,0.4812132716178894
2024-05-28,75056.125,HOLD,10000000.0,0.4809758961200714
2024-05-29,72734.8125,HOLD,10000000.0,0.4806383550167084
2024-05-30,71090.5234375,HOLD,10000000.0,0.47996971011161804
2024-05-31,71090.5234375,HOLD,10000000.0,0.4791666269302368
2024-06-03,73218.40625,HOLD,10000000.0,0.4787081480026245
2024-06-04,72831.5234375,HOLD,10000000.0,0.47808775305747986
2024-06-05,74862.6796875,HOLD,10000000.0,0.4777972400188446
2024-06-07,74765.9609375,HOLD,10000000.0,0.4772486984729767
2024-06-10,73218.40625,HOLD,10000000.0,0.47641539573669434
2024-06-11,72734.8125,HOLD,10000000.0,0.47538620233535767
2024-06-12,73992.1796875,HOLD,10000000.0,0.4747505187988281
2024-06-13,76023.34375,HOLD,10000000.0,0.4745906591415405
2024-06-14,76990.5546875,HOLD,10000000.0,0.47473686933517456
2024-06-17,75539.734375,HOLD,10000000.0,0.47454962134361267
2024-06-18,77184.0,HOLD,10000000.0,0.47481781244277954
2024-06-19,78538.109375,HOLD,10000000.0,0.47539860010147095
2024-06-20,78925.0,HOLD,10000000.0,0.47623077034950256
2024-06-21,77377.4375,HOLD,10000000.0,0.47668731212615967
2024-06-24,77957.78125,HOLD,10000000.0,0.4774147570133209
2024-06-25,78151.2109375,HOLD,10000000.0,0.47837892174720764
2024-06-26,78634.828125,HOLD,10000000.0,0.4794546663761139
2024-06-27,79277.015625,HOLD,10000000.0,0.4806536138057709
2024-06-28,79179.875,HOLD,10000000.0,0.48146671056747437
2024-07-01,79471.328125,HOLD,10000000.0,0.4823891222476959
2024-07-02,79471.328125,HOLD,10000000.0,0.4829944372177124
2024-07-03,79471.328125,HOLD,10000000.0,0.4833420515060425
2024-07-04,82191.6171875,HOLD,10000000.0,0.4838455319404602
2024-07-05,84620.4375,HOLD,10000000.0,0.48434698581695557
2024-07-08,84911.90625,HOLD,10000000.0,0.4849730432033539
2024-07-09,85300.515625,HOLD,10000000.0,0.4857742488384247
2024-07-10,85300.515625,HOLD,10000000.0,0.48625046014785767
2024-07-11,85106.2109375,HOLD,10000000.0,0.4866318106651306
2024-07-12,81997.3046875,HOLD,10000000.0,0.48673567175865173
2024-07-15,84231.828125,HOLD,10000000.0,0.48705264925956726
2024-07-16,85203.359375,HOLD,10000000.0,0.4874286353588104
2024-07-17,84231.828125,HOLD,10000000.0,0.48768043518066406
2024-07-18,84426.1328125,HOLD,10000000.0,0.488004207611084
2024-07-19,81997.3046875,HOLD,10000000.0,0.4881800711154938
2024-07-22,80637.1640625,HOLD,10000000.0,0.48822149634361267
2024-07-23,81511.53125,HOLD,10000000.0,0.48838236927986145
2024-07-24,79665.6328125,HOLD,10000000.0,0.4884174168109894
2024-07-25,78111.171875,HOLD,10000000.0,0.4883177876472473
2024-07-26,78596.9453125,HOLD,10000000.0,0.4883570075035095
2024-07-29,78888.40625,HOLD,10000000.0,0.48852720856666565
2024-07-30,78694.1015625,HOLD,10000000.0,0.4885511100292206
2024-07-31,81511.53125,HOLD,10000000.0,0.48870256543159485
2024-08-01,80734.3125,HOLD,10000000.0,0.4887027442455292
2024-08-02,77333.9453125,HOLD,10000000.0,0.48859259486198425
2024-08-05,69367.390625,HOLD,10000000.0,0.48835131525993347
2024-08-06,70436.0703125,HOLD,10000000.0,0.48822081089019775
2024-08-07,72573.4453125,HOLD,10000000.0,0.4882826507091522
2024-08-08,71310.453125,HOLD,10000000.0,0.48820945620536804
2024-08-09,72573.4453125,HOLD,10000000.0,0.4882822036743164
2024-08-12,73350.671875,HOLD,10000000.0,0.4885058104991913
2024-08-13,73933.59375,HOLD,10000000.0,0.48880821466445923
2024-08-14,75002.2734375,HOLD,10000000.0,0.4892180263996124
2024-08-16,77916.8671875,HOLD,10000000.0,0.48968055844306946
2024-08-19,76070.9609375,HOLD,10000000.0,0.4899729788303375
2024-08-20,76653.8828125,HOLD,10000000.0,0.49035587906837463
2024-08-21,76070.9609375,HOLD,10000000.0,0.4905838966369629
2024-08-22,76070.9609375,HOLD,10000000.0,0.49068742990493774
2024-08-23,75488.0390625,HOLD,10000000.0,0.49067118763923645
2024-08-26,73933.59375,HOLD,10000000.0,0.49055761098861694
2024-08-27,73642.140625,HOLD,10000000.0,0.4903337359428406
2024-08-28,74225.046875,HOLD,10000000.0,0.49025958776474
2024-08-29,71893.375,HOLD,10000000.0,0.49007248878479004
2024-08-30,72184.8359375,HOLD,10000000.0,0.49001413583755493
2024-09-02,72281.984375,HOLD,10000000.0,0.4900801479816437
2024-09-03,70436.0703125,HOLD,10000000.0,0.490038126707077
2024-09-04,68007.2421875,HOLD,10000000.0,0.48988068103790283
2024-09-05,67035.7109375,HOLD,10000000.0,0.48962557315826416
2024-09-06,66938.5625,HOLD,10000000.0,0.48930129408836365
2024-09-09,65578.4140625,HOLD,10000000.0,0.4888976812362671
2024-09-10,64315.421875,HOLD,10000000.0,0.4883987605571747
2024-09-11,63052.4296875,HOLD,10000000.0,0.48783570528030396
2024-09-12,64412.57421875,HOLD,10000000.0,0.4874442219734192
2024-09-13,62566.6640625,HOLD,10000000.0,0.48697081208229065
2024-09-19,61303.671875,HOLD,10000000.0,0.48641690611839294
2024-09-20,61206.51953125,HOLD,10000000.0,0.48572659492492676
2024-09-23,60817.90625,HOLD,10000000.0,0.48501235246658325
2024-09-24,61400.82421875,HOLD,10000000.0,0.48448076844215393
2024-09-25,60429.29296875,HOLD,10000000.0,0.48384329676628113
2024-09-26,62858.125,HOLD,10000000.0,0.48344165086746216
2024-09-27,62722.3203125,HOLD,10000000.0,0.4828931987285614
2024-09-30,60084.46875,HOLD,10000000.0,0.4822269082069397
2024-10-02,59889.0703125,HOLD,10000000.0,0.4814123213291168
2024-10-04,59205.1796875,HOLD,10000000.0,0.4804897904396057
2024-10-07,59595.9765625,HOLD,10000000.0,0.4798610806465149
2024-10-08,58912.08984375,HOLD,10000000.0,0.47902700304985046
2024-10-10,57544.3125,HOLD,10000000.0,0.4780805706977844
2024-10-11,57935.1015625,HOLD,10000000.0,0.4773756265640259
2024-10-14,57935.1015625,HOLD,10000000.0,0.47656068205833435
2024-10-15,59595.9765625,HOLD,10000000.0,0.476090669631958
2024-10-16,58130.5,HOLD,10000000.0,0.47538334131240845
2024-10-17,58325.8984375,HOLD,10000000.0,0.4750552773475647
2024-10-18,57837.40625,HOLD,10000000.0,0.4744693636894226
2024-10-21,57642.01171875,HOLD,10000000.0,0.47367414832115173
2024-10-22,56371.9296875,HOLD,10000000.0,0.4725697338581085
2024-10-23,57739.703125,HOLD,10000000.0,0.4719353914260864
2024-10-24,55297.25,HOLD,10000000.0,0.4709794819355011
2024-10-25,54613.36328125,HOLD,10000000.0,0.46968594193458557
2024-10-28,56762.72265625,HOLD,10000000.0,0.46896281838417053
2024-10-29,58228.1953125,HOLD,10000000.0,0.46876585483551025
2024-10-30,57739.703125,HOLD,10000000.0,0.46814385056495667
2024-10-31,57837.40625,HOLD,10000000.0,0.4681173264980316
2024-11-01,56958.1171875,HOLD,10000000.0,0.467495322227478
2024-11-04,57348.9140625,HOLD,10000000.0,0.4676230251789093
2024-11-05,56274.2265625,HOLD,10000000.0,0.46721208095550537
2024-11-06,55981.13671875,HOLD,10000000.0,0.46645835041999817
2024-11-07,55981.13671875,HOLD,10000000.0,0.4652114808559418
2024-11-08,55688.0390625,HOLD,10000000.0,0.4636271297931671
2024-11-11,53734.07421875,HOLD,10000000.0,0.4614099860191345
2024-11-12,51780.109375,HOLD,10000000.0,0.45855358242988586
2024-11-13,49435.34765625,HOLD,10000000.0,0.4546811878681183
2024-11-14,48751.46484375,HOLD,10000000.0,0.4496224522590637
2024-11-15,52268.59765625,HOLD,10000000.0,0.44673532247543335
2024-11-18,55394.9453125,HOLD,10000000.0,0.44645676016807556
2024-11-19,55004.15234375,HOLD,10000000.0,0.44404375553131104
2024-11-20,54027.171875,HOLD,10000000.0,0.43889766931533813
2024-11-21,55101.85546875,HOLD,10000000.0,0.4377613365650177
2024-11-22,54711.0625,HOLD,10000000.0,0.43380147218704224
2024-11-25,56567.328125,HOLD,10000000.0,0.43444201350212097
2024-11-26,56958.1171875,HOLD,10000000.0,0.438696950674057
2024-11-27,55004.15234375,HOLD,10000000.0,0.43947771191596985
2024-11-28,54222.56640625,HOLD,10000000.0,0.4384342432022095
2024-11-29,52952.48828125,HOLD,10000000.0,0.43529796600341797
2024-12-02,52366.30078125,HOLD,10000000.0,0.4303515553474426
2024-12-03,52366.30078125,HOLD,10000000.0,0.4227789044380188
2024-12-04,51877.8046875,HOLD,10000000.0,0.41110220551490784
2024-12-05,52463.99609375,HOLD,10000000.0,0.4063633382320404
2024-12-06,52854.79296875,HOLD,10000000.0,0.4091828763484955
2024-12-09,52170.90234375,HOLD,10000000.0,0.40706759691238403
2024-12-10,52757.09375,HOLD,10000000.0,0.4104897379875183
2024-12-11,52757.09375,HOLD,10000000.0,0.41027334332466125
2024-12-12,54613.36328125,HOLD,10000000.0,0.41442492604255676
2024-12-13,54808.7578125,HOLD,10000000.0,0.4208245873451233
2024-12-16,54320.26953125,HOLD,10000000.0,0.4243145287036896
2024-12-17,52952.48828125,HOLD,10000000.0,0.4253248870372772
2024-12-18,53636.37890625,HOLD,10000000.0,0.4285711348056793
2024-12-19,51877.8046875,HOLD,10000000.0,0.42981234192848206
2024-12-20,51780.109375,HOLD,10000000.0,0.4294034540653229
2024-12-23,52268.59765625,HOLD,10000000.0,0.43074044585227966
2024-12-24,53147.88671875,HOLD,10000000.0,0.4338524341583252
2024-12-26,52366.30078125,HOLD,10000000.0,0.43510469794273376
2024-12-27,52821.7265625,HOLD,10000000.0,0.4379369914531708
2024-12-30,52329.90234375,HOLD,10000000.0,0.43912553787231445
2025-01-02,52526.6328125,HOLD,10000000.0,0.44161319732666016
2025-01-03,53510.28125,HOLD,10000000.0,0.44453346729278564
2025-01-06,54985.75,HOLD,10000000.0,0.4480401873588562
2025-01-07,54493.92578125,HOLD,10000000.0,0.450143426656723
2025-01-08,56362.84765625,HOLD,10000000.0,0.4528351426124573
2025-01-09,55182.4765625,HOLD,10000000.0,0.45437702536582947
2025-01-10,54395.55859375,HOLD,10000000.0,0.45524656772613525
2025-01-13,53215.1875,HOLD,10000000.0,0.45555251836776733
2025-01-14,53018.45703125,HOLD,10000000.0,0.4552869200706482
2025-01-15,52821.7265625,HOLD,10000000.0,0.45456835627555847
2025-01-16,53411.91796875,HOLD,10000000.0,0.4544740915298462
2025-01-17,52821.7265625,HOLD,10000000.0,0.45392584800720215
2025-01-20,52526.6328125,HOLD,10000000.0,0.452859103679657
2025-01-21,52624.99609375,HOLD,10000000.0,0.45266008377075195
2025-01-22,53411.91796875,HOLD,10000000.0,0.4530104398727417
2025-01-23,52821.7265625,HOLD,10000000.0,0.4528539180755615
2025-01-24,52821.7265625,HOLD,10000000.0,0.4521386921405792
2025-01-31,51542.98828125,HOLD,10000000.0,0.451038658618927
2025-02-03,50165.88671875,HOLD,10000000.0,0.44902366399765015
2025-02-04,51838.08203125,HOLD,10000000.0,0.4479757845401764
2025-02-05,52034.8125,HOLD,10000000.0,0.4479033350944519
2025-02-06,53116.8203125,HOLD,10000000.0,0.44856706261634827
2025-02-07,52821.7265625,HOLD,10000000.0,0.44878968596458435
2025-02-10,54690.65625,HOLD,10000000.0,0.4495994746685028
2025-02-11,54789.01953125,HOLD,10000000.0,0.45095664262771606
2025-02-12,54887.3828125,HOLD,10000000.0,0.45275506377220154
2025-02-13,54887.3828125,HOLD,10000000.0,0.45388635993003845
2025-02-14,55084.11328125,HOLD,10000000.0,0.4553834795951843
2025-02-17,55084.11328125,HOLD,10000000.0,0.4563499391078949
2025-02-18,55969.390625,HOLD,10000000.0,0.4577425420284271
2025-02-19,57739.953125,HOLD,10000000.0,0.4593481719493866
2025-02-20,57444.859375,HOLD,10000000.0,0.4603942632675171
2025-02-21,57248.12890625,HOLD,10000000.0,0.46091586351394653
2025-02-24,56362.84765625,HOLD,10000000.0,0.4610133469104767
2025-02-25,56264.484375,HOLD,10000000.0,0.46084699034690857
2025-02-26,55674.296875,HOLD,10000000.0,0.4602654278278351
2025-02-27,55379.203125,HOLD,10000000.0,0.45943164825439453
2025-02-28,53608.64453125,HOLD,10000000.0,0.4582308232784271
2025-03-04,53608.64453125,HOLD,10000000.0,0.45666494965553284
2025-03-05,53116.8203125,HOLD,10000000.0,0.4547874927520752
2025-03-06,53411.91796875,HOLD,10000000.0,0.4536997973918915
2025-03-07,52821.7265625,HOLD,10000000.0,0.4521861672401428
2025-03-10,52821.7265625,HOLD,10000000.0,0.4503878951072693
2025-03-11,52723.36328125,HOLD,10000000.0,0.44818007946014404
2025-03-12,54002.1015625,HOLD,10000000.0,0.44676387310028076
2025-03-13,53805.37109375,HOLD,10000000.0,0.4448654055595398
2025-03-14,53805.37109375,HOLD,10000000.0,0.4424356520175934
2025-03-17,56657.9375,HOLD,10000000.0,0.4410869777202606
2025-03-18,56657.9375,HOLD,10000000.0,0.43888407945632935
2025-03-19,57543.22265625,HOLD,10000000.0,0.4377915561199188
2025-03-20,59215.421875,HOLD,10000000.0,0.4377749264240265
2025-03-21,60690.890625,HOLD,10000000.0,0.43841755390167236
2025-03-24,59510.515625,HOLD,10000000.0,0.43855050206184387
2025-03-25,58821.9609375,HOLD,10000000.0,0.4379376471042633
2025-03-26,60395.79296875,HOLD,10000000.0,0.4383654296398163
2025-03-27,60789.25390625,HOLD,10000000.0,0.4397446811199188
2025-03-28,59567.234375,HOLD,10000000.0,0.4401646554470062
2025-03-31,57192.45703125,HOLD,10000000.0,0.4401049315929413
2025-04-01,58181.94921875,HOLD,10000000.0,0.4406808316707611
2025-04-02,58181.94921875,HOLD,10000000.0,0.44077086448669434
2025-04-03,56994.55859375,HOLD,10000000.0,0.4400615990161896
2025-04-04,55510.328125,HOLD,10000000.0,0.43886712193489075
2025-04-07,52640.80859375,HOLD,10000000.0,0.4368865489959717
2025-04-08,52937.65625,HOLD,10000000.0,0.4360032379627228
2025-04-09,52442.9140625,HOLD,10000000.0,0.43443217873573303
2025-04-10,55807.17578125,HOLD,10000000.0,0.4341571033000946
2025-04-11,54619.7890625,HOLD,10000000.0,0.43299752473831177
2025-04-14,55609.27734375,HOLD,10000000.0,0.4331638514995575
2025-04-15,56005.0703125,HOLD,10000000.0,0.43417832255363464
2025-04-16,54125.04296875,HOLD,10000000.0,0.4345216751098633
2025-04-17,54520.83984375,HOLD,10000000.0,0.4355608820915222
2025-04-18,54718.73828125,HOLD,10000000.0,0.43754974007606506
2025-04-21,54817.6875,HOLD,10000000.0,0.4400045871734619
2025-04-22,54421.890625,HOLD,10000000.0,0.44161751866340637
2025-04-23,55114.53515625,HOLD,10000000.0,0.44364112615585327
2025-04-24,55114.53515625,HOLD,10000000.0,0.4448947012424469
2025-04-25,55114.53515625,HOLD,10000000.0,0.4454541802406311
2025-04-28,55213.484375,HOLD,10000000.0,0.44657811522483826
2025-04-29,55213.484375,HOLD,10000000.0,0.4470873475074768
2025-04-30,54916.63671875,HOLD,10000000.0,0.44706615805625916
2025-05-02,53729.25,HOLD,10000000.0,0.4465457797050476
2025-05-07,54026.09375,HOLD,10000000.0,0.4465569853782654
2025-05-08,54026.09375,HOLD,10000000.0,0.4461333155632019
2025-05-09,54223.9921875,HOLD,10000000.0,0.4463946521282196
2025-05-12,56994.55859375,HOLD,10000000.0,0.44731494784355164
2025-05-13,56301.91796875,HOLD,10000000.0,0.4475868344306946
2025-05-14,56796.6640625,HOLD,10000000.0,0.4484173655509949
2025-05-15,56697.71484375,HOLD,10000000.0,0.44871196150779724
2025-05-16,56202.96875,HOLD,10000000.0,0.4485337436199188
2025-05-19,55213.484375,HOLD,10000000.0,0.4479706883430481
2025-05-20,55312.43359375,HOLD,10000000.0,0.4479648768901825
2025-05-21,55114.53515625,HOLD,10000000.0,0.4475838840007782
2025-05-22,54125.04296875,HOLD,10000000.0,0.4467240869998932
2025-05-23,53630.30078125,HOLD,10000000.0,0.44542551040649414
2025-05-26,54125.04296875,HOLD,10000000.0,0.44485247135162354
2025-05-27,53333.453125,HOLD,10000000.0,0.44389501214027405
2025-05-28,55312.43359375,HOLD,10000000.0,0.4435877501964569
2025-05-29,55510.328125,HOLD,10000000.0,0.44401252269744873
2025-05-30,55609.27734375,HOLD,10000000.0,0.44499990344047546
2025-06-02,56202.96875,HOLD,10000000.0,0.4463639557361603
2025-06-04,57192.45703125,HOLD,10000000.0,0.4481896162033081
2025-06-05,58478.79296875,HOLD,10000000.0,0.4503043591976166
2025-06-09,59171.4375,HOLD,10000000.0,0.4525478482246399
2025-06-10,58577.7421875,HOLD,10000000.0,0.4542117416858673
2025-06-11,59270.38671875,HOLD,10000000.0,0.45605966448783875
2025-06-12,58874.58984375,HOLD,10000000.0,0.45743420720100403
2025-06-13,57687.203125,HOLD,10000000.0,0.45823612809181213
2025-06-16,56598.765625,HOLD,10000000.0,0.4586832821369171
2025-06-17,57489.3046875,HOLD,10000000.0,0.4593518376350403
2025-06-18,59171.4375,HOLD,10000000.0,0.4602636694908142
2025-06-19,58577.7421875,HOLD,10000000.0,0.4608435034751892
2025-06-20,58874.58984375,HOLD,10000000.0,0.4616810083389282
2025-06-23,57390.35546875,HOLD,10000000.0,0.46218928694725037
2025-06-24,59864.08203125,HOLD,10000000.0,0.46292099356651306
2025-06-25,60655.671875,HOLD,10000000.0,0.4638616740703583
2025-06-26,59567.234375,HOLD,10000000.0,0.4643896818161011
2025-06-27,60529.9375,HOLD,10000000.0,0.4651927053928375
2025-06-30,59534.37890625,HOLD,10000000.0,0.46565550565719604
2025-07-01,59932.60546875,HOLD,10000000.0,0.466365247964859
2025-07-02,60529.9375,HOLD,10000000.0,0.46723753213882446
2025-07-03,63516.61328125,HOLD,10000000.0,0.4682609438896179
2025-07-04,63018.8359375,HOLD,10000000.0,0.46886032819747925
2025-07-07,61425.94140625,HOLD,10000000.0,0.4692070782184601
2025-07-08,61127.2734375,HOLD,10000000.0,0.46938666701316833
2025-07-09,60131.71484375,HOLD,10000000.0,0.46932563185691833
2025-07-10,60729.05078125,HOLD,10000000.0,0.46954813599586487
2025-07-11,62321.9453125,HOLD,10000000.0,0.4699556231498718
2025-07-14,62222.38671875,HOLD,10000000.0,0.47012758255004883
2025-07-15,63417.05859375,HOLD,10000000.0,0.47052034735679626
2025-07-16,64412.6171875,HOLD,10000000.0,0.47103336453437805
2025-07-17,66403.734375,HOLD,10000000.0,0.47169166803359985
2025-07-18,66801.953125,HOLD,10000000.0,0.4723653495311737
2025-07-21,67498.84375,HOLD,10000000.0,0.47319477796554565
2025-07-22,65706.84375,HOLD,10000000.0,0.47381284832954407
2025-07-23,66105.0625,HOLD,10000000.0,0.47454211115837097
2025-07-24,65706.84375,HOLD,10000000.0,0.47506067156791687
2025-07-25,65607.2890625,HOLD,10000000.0,0.47537684440612793
2025-07-28,70087.296875,HOLD,10000000.0,0.47585177421569824
2025-07-29,70286.40625,HOLD,10000000.0,0.4763388931751251
2025-07-30,72277.5234375,HOLD,10000000.0,0.4769515097141266
2025-07-31,71082.859375,HOLD,10000000.0,0.47731658816337585
2025-08-01,68593.9609375,HOLD,10000000.0,0.47750532627105713
2025-08-04,69390.40625,HOLD,10000000.0,0.47790461778640747
2025-08-05,69589.515625,HOLD,10000000.0,0.47843459248542786
2025-08-06,68494.40625,HOLD,10000000.0,0.47876596450805664
2025-08-07,70186.8515625,HOLD,10000000.0,0.4792507588863373
2025-08-08,71481.078125,HOLD,10000000.0,0.47980090975761414
2025-08-11,70684.6328125,HOLD,10000000.0,0.4801609218120575
2025-08-12,70784.1875,HOLD,10000000.0,0.4806271195411682
2025-08-13,71580.6328125,HOLD,10000000.0,0.48119065165519714
2025-08-14,71281.96875,HOLD,10000000.0,0.48157191276550293
2025-08-18,69689.0703125,HOLD,10000000.0,0.48177480697631836
2025-08-19,69689.0703125,HOLD,10000000.0,0.4818308651447296
2025-08-20,70186.8515625,HOLD,10000000.0,0.4820193648338318
2025-08-21,70286.40625,HOLD,10000000.0,0.4823078513145447
2025-08-22,71082.859375,HOLD,10000000.0,0.4827011227607727
2025-08-25,71182.4140625,HOLD,10000000.0,0.4832099676132202
2025-08-26,69987.7421875,HOLD,10000000.0,0.4835245907306671
2025-08-27,70286.40625,HOLD,10000000.0,0.48395541310310364
2025-08-28,69290.8515625,HOLD,10000000.0,0.48420849442481995
2025-08-29,69390.40625,HOLD,10000000.0,0.48456746339797974
2025-09-01,67299.734375,HOLD,10000000.0,0.48476576805114746
2025-09-02,68793.0703125,HOLD,10000000.0,0.485070139169693
2025-09-03,69489.9609375,HOLD,10000000.0,0.4854753911495209
2025-09-04,69788.6328125,HOLD,10000000.0,0.48596733808517456
2025-09-05,69191.296875,HOLD,10000000.0,0.48628485202789307
2025-09-08,69788.6328125,HOLD,10000000.0,0.48670071363449097
2025-09-09,71182.4140625,HOLD,10000000.0,0.4872046709060669
2025-09-10,72277.5234375,HOLD,10000000.0,0.48777976632118225
2025-09-11,73073.96875,HOLD,10000000.0,0.48841387033462524
2025-09-12,75065.0859375,HOLD,10000000.0,0.48911136388778687
2025-09-15,76160.203125,HOLD,10000000.0,0.48985132575035095
2025-09-16,79047.3203125,HOLD,10000000.0,0.49068009853363037
2025-09-17,77852.6484375,HOLD,10000000.0,0.49127644300460815
2025-09-18,79943.3203125,HOLD,10000000.0,0.4919832646846771
2025-09-22,83129.109375,HOLD,10000000.0,0.49274852871894836
2025-09-23,84323.78125,HOLD,10000000.0,0.4936056137084961
2025-09-24,85020.671875,HOLD,10000000.0,0.4945523738861084
2025-09-25,85717.5625,HOLD,10000000.0,0.4956062138080597
2025-09-26,82930.0,HOLD,10000000.0,0.49640434980392456
2025-09-29,84200.0,HOLD,10000000.0,0.4973464906215668
2025-09-30,83900.0,HOLD,10000000.0,0.49798500537872314
2025-10-01,86000.0,HOLD,10000000.0,0.4987906813621521
2025-10-02,89750.0,HOLD,10000000.0,0.49977460503578186
2025-10-10,94400.0,HOLD,10000000.0,0.5009179711341858
2025-10-13,93300.0,HOLD,10000000.0,0.5016483664512634
2025-10-14,91600.0,HOLD,10000000.0,0.50203537940979
2025-10-15,95000.0,HOLD,10000000.0,0.5026928186416626
2025-10-16,97700.0,HOLD,10000000.0,0.5036329030990601
2025-10-17,97900.0,HOLD,10000000.0,0.5048737525939941
2025-10-20,98100.0,HOLD,10000000.0,0.5064817667007446
2025-10-21,97500.0,HOLD,10000000.0,0.5074865221977234
2025-10-22,98600.0,HOLD,10000000.0,0.5089483261108398
2025-10-23,96500.0,HOLD,10000000.0,0.5096602439880371
2025-10-24,98800.0,HOLD,10000000.0,0.5113164186477661
2025-10-27,102000.0,HOLD,10000000.0,0.513678789138794
2025-10-28,99500.0,HOLD,10000000.0,0.5144760608673096
2025-10-29,100500.0,HOLD,10000000.0,0.5161325335502625
2025-10-30,104100.0,HOLD,10000000.0,0.518575131893158
2025-10-31,107500.0,HOLD,10000000.0,0.5222926735877991
2025-11-03,111100.0,HOLD,10000000.0,0.5282813906669617
2025-11-04,104900.0,HOLD,10000000.0,0.5302712321281433
2025-11-05,100600.0,HOLD,10000000.0,0.5286921858787537
2025-11-06,99200.0,HOLD,10000000.0,0.5253415107727051
2025-11-07,97900.0,HOLD,10000000.0,0.5218963027000427
2025-11-10,100600.0,HOLD,10000000.0,0.5202152132987976
2025-11-11,103500.0,HOLD,10000000.0,0.5196372270584106
2025-11-12,103100.0,HOLD,10000000.0,0.5184101462364197
2025-11-13,102800.0,HOLD,10000000.0,0.5167315602302551
2025-11-14,97200.0,HOLD,10000000.0,0.5147987008094788
2025-11-17,100600.0,HOLD,10000000.0,0.5136793255805969
2025-11-18,97800.0,HOLD,10000000.0,0.5122750997543335
2025-11-19,96500.0,HOLD,10000000.0,0.5106127262115479
2025-11-20,100600.0,HOLD,10000000.0,0.5096697211265564
2025-11-21,94800.0,HOLD,10000000.0,0.5083979964256287
2025-11-24,96700.0,HOLD,10000000.0,0.5076997876167297
2025-11-25,99300.0,HOLD,10000000.0,0.507577121257782
2025-11-26,102800.0,HOLD,10000000.0,0.5079300403594971
2025-11-27,103500.0,HOLD,10000000.0,0.5086376070976257
2025-11-28,100500.0,HOLD,10000000.0,0.5088390111923218
2025-12-01,100800.0,HOLD,10000000.0,0.5093958973884583
2025-12-02,103400.0,HOLD,10000000.0,0.5103140473365784
2025-12-03,104500.0,HOLD,10000000.0,0.5114985108375549
2025-12-04,105100.0,HOLD,10000000.0,0.5129740834236145
2025-12-05,108400.0,HOLD,10000000.0,0.514707624912262
2025-12-08,109500.0,HOLD,10000000.0,0.5167326927185059
2025-12-09,108400.0,HOLD,10000000.0,0.5178936123847961
2025-12-10,108000.0,HOLD,10000000.0,0.518301248550415
2025-12-11,107300.0,HOLD,10000000.0,0.5180612206459045
2025-12-12,108900.0,HOLD,10000000.0,0.5183641910552979
2025-12-15,104800.0,HOLD,10000000.0,0.5180854201316833
2025-12-16,102800.0,HOLD,10000000.0,0.517335057258606
2025-12-17,107900.0,HOLD,10000000.0,0.5171217322349548
2025-12-18,107600.0,HOLD,10000000.0,0.5164900422096252
2025-12-19,106300.0,HOLD,10000000.0,0.5154303312301636
2025-12-22,110500.0,HOLD,10000000.0,0.514940619468689
2025-12-23,111500.0,HOLD,10000000.0,0.5149099230766296
2025-12-24,111100.0,HOLD,10000000.0,0.5144789218902588
2025-12-26,117000.0,HOLD,10000000.0,0.5144525170326233
2025-12-29,119500.0,HOLD,10000000.0,0.5147976279258728
2025-12-30,119900.0,HOLD,10000000.0,0.5155070424079895
2026-01-02,128500.0,HOLD,10000000.0,0.5165354013442993
2026-01-05,138100.0,HOLD,10000000.0,0.5177832841873169
2026-01-06,138900.0,HOLD,10000000.0,0.5193539261817932
2026-01-07,141000.0,HOLD,10000000.0,0.5212357044219971
2026-01-08,138800.0,HOLD,10000000.0,0.5224836468696594
2026-01-09,139000.0,HOLD,10000000.0,0.5241401195526123
2026-01-12,138800.0,HOLD,10000000.0,0.5250715613365173
2026-01-13,137600.0,HOLD,10000000.0,0.5253063440322876
2026-01-14,140300.0,HOLD,10000000.0,0.5260788202285767
2026-01-15,143900.0,HOLD,10000000.0,0.5273831486701965
2026-01-16,148900.0,HOLD,10000000.0,0.5291777849197388
2026-01-19,149300.0,HOLD,10000000.0,0.531509280204773
2026-01-20,145200.0,HOLD,10000000.0,0.5328224301338196
